<?xml version="1.0" encoding="utf-8"?>
<templates>

<t t-name="web_studio.Sidebar.Toolbox">
    <hr/>
    <div class="o_web_studio_sidebar_toolbox">
        <t t-out="0"/>
    </div>
</t>

<t t-name="web_studio.Sidebar.Parameters" t-if="widget.debug">
    <button class="btn btn-secondary btn-lg o_web_studio_parameters"><i class="fa fa-cog"/> More</button>
</t>

<t t-name="web_studio.Sidebar.Remove">
    <button class="btn btn-danger btn-lg float-right o_web_studio_remove">Remove from View</button>
</t>

<t t-name="web_studio.Sidebar.XMLEditor" t-if="widget.debug">
    <button class="btn btn-secondary btn-lg o_web_studio_xml_editor ml-1 mr-1"><i class="fa fa-code"/> XML</button>
</t>

<div t-name="web_studio.Sidebar.Warning.Groups" class="o_web_studio_remove_warning_groups">
    <p><i class="fa fa-exclamation-triangle" aria-hidden="true"></i>
        This field is placed after another element that is only displayed under certain conditions.
    </p>
    You need to be part of these groups to see this field:<br/>
    <ul>
        <t t-foreach="widget.state.attrs['studio-view-group-names'].split(',')" t-as="group_name">
            <li><t t-esc="group_name"/></li>
        </t>
    </ul>
</div>


<div t-name="web_studio.Sidebar.Groups" class="o_web_studio_sidebar_tags">
    <label for="groups">Limit visibility to groups</label>
    <div class="o_groups"/>
</div>

<t t-name="web_studio.Sidebar.web_editor_toolbar" t-extend="web_editor.toolbar" primary="True">
    <t t-jquery="div#style" t-operation="replace"/>
    <t t-jquery="div#justify" t-operation="replace"/>
    <t t-jquery="div#list" t-operation="replace"/>
    <t t-jquery="div#table" t-operation="replace"/>
    <t t-jquery="div#link" t-operation="replace"/>
    <t t-jquery="div#image-shape" t-operation="replace"/>
    <t t-jquery="div#image-padding" t-operation="replace"/>
    <t t-jquery="div#image-width" t-operation="replace"/>
    <t t-jquery="div#image-edit" t-operation="replace"/>
</t>

</templates>
