<?xml version="1.0" encoding="utf-8"?>
<templates>

<t t-name="web_studio.ModelConfigurator" owl="1">
    <div class="container o_web_studio_model_configurator" t-att-class="{ embed: props.embed }">
        <div class="row" t-if="!props.embed">
            <h1>Suggested features for your new model</h1>
        </div>
        <div class="row">
            <t t-foreach="state.options" t-as="option_name">
                <ModelConfiguratorOption t-key="option_name" t-if="!state.options[option_name].debug &amp;&amp; (option_name !== 'use_company' || multiCompany)" name="option_name" option="state.options[option_name]" t-on-opt_change.stop="_onOptionChange"/>
            </t>
        </div>
        <div class="o_web_studio_model_configurator_buttons">
            <button type="button"
                class="btn fa fa-chevron-left o_web_studio_model_configurator_previous"
                t-att-class="{ disabled: state.saving }"
                aria-label="Previous"
                title="Previous"
                t-on-click="_onPrevious"
            />
            <button type="button"
                class="btn o_web_studio_model_configurator_next btn-primary"
                t-att-class="{ disabled: state.saving }"
                aria-label="Next"
                title="Next"
                t-on-click="_onConfirm"
                t-att-disabled="state.saving"
                >
                <span t-esc="props.label"/>
                <i
                    class="fa"
                    t-att-class="{'fa-chevron-right': !state.saving, 'fa-circle-o-notch': state.saving, 'fa-spin': state.saving}"
                />
            </button>
        </div>
    </div>
</t>

<t t-name="web_studio.ModelConfiguratorOption" owl="1">
    <div class="col-6">
        <div class="custom-control custom-checkbox o_web_studio_model_configurator_option">
            <input type="checkbox" class="custom-control-input" t-att-id="props.name" t-att-name="props.name" t-model="props.option.value"/>
            <label t-att-for="props.name" class="custom-control-label">
                <strong t-esc="props.option.label"/>
                <div class="form-text text-muted" t-esc="props.option.help"/>
            </label>
        </div>
    </div>
</t>

</templates>
