<templates>
    <div t-name="sale_stock_renting.QtyDetailPopOver">
        <table>
            <tbody>
                <tr>
                    <td>
                        <strong>Available for Rent</strong><br />
                        <small> <span t-esc="data.start_date"/></small>
                        <small>to <span t-esc="data.end_date"/></small>
                    </td>
                    <td>
                        <t t-esc='data.virtual_available_at_date'/>
                        <t t-esc='data.product_uom.data.display_name'/>
                    </td>
                </tr>
            </tbody>
        </table>
        <button class="text-left btn btn-link action_open_renting" type="button">
            <i class="fa fa-fw o_button_icon fa-arrow-right"/>
            View Rentals
        </button>
    </div>
</templates>
